{
  "target_mean": 0.44991305,
  "target_std": 2.0134923
}